Nom,Département,Code commune,Position géographique,UIC,Jour de la semaine,Horaire en jour normal,Horaire en jour férié,Type_ville,Latitude,Longitude
Aix-en-Provence,Bouches-du-Rhône,13001,"43.522912, 5.445345",87751404,Lundi,08:00-18:00,,Grande ville,43.522912,5.445345
Aix-en-Provence,Bouches-du-Rhône,13001,"43.522912, 5.445345",87751404,Mardi,08:00-18:00,,Grande ville,43.522912,5.445345
Aix-en-Provence,Bouches-du-Rhône,13001,"43.522912, 5.445345",87751404,Mercredi,08:00-18:00,,Grande ville,43.522912,5.445345
Aix-en-Provence,Bouches-du-Rhône,13001,"43.522912, 5.445345",87751404,Jeudi,08:00-18:00,,Grande ville,43.522912,5.445345
Aix-en-Provence,Bouches-du-Rhône,13001,"43.522912, 5.445345",87751404,Vendredi,08:00-18:00,,Grande ville,43.522912,5.445345
Aix-en-Provence,Bouches-du-Rhône,13001,"43.522912, 5.445345",87751404,Samedi,08:00-18:00,,Grande ville,43.522912,5.445345
Aix-en-Provence TGV,Bouches-du-Rhône,13001,"43.455237, 5.317534",87319012,Lundi,05:30-00:45,05:30-01:15,Grande ville,43.455237,5.317534
Aix-en-Provence TGV,Bouches-du-Rhône,13001,"43.455237, 5.317534",87319012,Mardi,05:30-00:45,05:30-01:15,Grande ville,43.455237,5.317534
Aix-en-Provence TGV,Bouches-du-Rhône,13001,"43.455237, 5.317534",87319012,Mercredi,05:30-00:45,05:30-01:15,Grande ville,43.455237,5.317534
Aix-en-Provence TGV,Bouches-du-Rhône,13001,"43.455237, 5.317534",87319012,Jeudi,05:30-00:45,05:30-01:15,Grande ville,43.455237,5.317534
Aix-en-Provence TGV,Bouches-du-Rhône,13001,"43.455237, 5.317534",87319012,Vendredi,05:30-01:15,05:30-01:15,Grande ville,43.455237,5.317534
Aix-en-Provence TGV,Bouches-du-Rhône,13001,"43.455237, 5.317534",87319012,Samedi,05:30-00:45,05:30-01:15,Grande ville,43.455237,5.317534
Aix-en-Provence TGV,Bouches-du-Rhône,13001,"43.455237, 5.317534",87319012,Dimanche,05:30-01:15,05:30-01:15,Grande ville,43.455237,5.317534
Antibes,Alpes-Maritimes,6004,"43.585784, 7.119498",87757674,Lundi,05:10-23:30,05:10-00:30,Petite ville,43.585784,7.119498
Antibes,Alpes-Maritimes,6004,"43.585784, 7.119498",87757674,Mardi,05:10-23:30,05:10-00:30,Petite ville,43.585784,7.119498
Antibes,Alpes-Maritimes,6004,"43.585784, 7.119498",87757674,Mercredi,05:10-23:30,05:10-00:30,Petite ville,43.585784,7.119498
Antibes,Alpes-Maritimes,6004,"43.585784, 7.119498",87757674,Jeudi,05:10-23:30,05:10-00:30,Petite ville,43.585784,7.119498
Antibes,Alpes-Maritimes,6004,"43.585784, 7.119498",87757674,Vendredi,05:10-23:30,05:10-00:30,Petite ville,43.585784,7.119498
Antibes,Alpes-Maritimes,6004,"43.585784, 7.119498",87757674,Samedi,05:40-00:30,05:10-00:30,Petite ville,43.585784,7.119498
Antibes,Alpes-Maritimes,6004,"43.585784, 7.119498",87757674,Dimanche,05:10-00:30,05:10-00:30,Petite ville,43.585784,7.119498
Arles,Bouches-du-Rhône,13004,"43.684853, 4.63203",87753657,Lundi,05:45-22:30,06:45-22:30,Petite ville,43.684853,4.63203
Arles,Bouches-du-Rhône,13004,"43.684853, 4.63203",87753657,Mardi,05:45-22:30,06:45-22:30,Petite ville,43.684853,4.63203
Arles,Bouches-du-Rhône,13004,"43.684853, 4.63203",87753657,Mercredi,05:45-22:30,06:45-22:30,Petite ville,43.684853,4.63203
Arles,Bouches-du-Rhône,13004,"43.684853, 4.63203",87753657,Jeudi,05:45-22:30,06:45-22:30,Petite ville,43.684853,4.63203
Arles,Bouches-du-Rhône,13004,"43.684853, 4.63203",87753657,Vendredi,05:45-22:30,06:45-22:30,Petite ville,43.684853,4.63203
Arles,Bouches-du-Rhône,13004,"43.684853, 4.63203",87753657,Samedi,05:45-22:30,06:45-22:30,Petite ville,43.684853,4.63203
Arles,Bouches-du-Rhône,13004,"43.684853, 4.63203",87753657,Dimanche,06:45-22:30,06:45-22:30,Petite ville,43.684853,4.63203
Aspres-sur-Buëch,Hautes-Alpes,5010,"44.519428, 5.7545655",87763250,Lundi,06:15-13:15,,Petite ville,44.519428,5.7545655
Aspres-sur-Buëch,Hautes-Alpes,5010,"44.519428, 5.7545655",87763250,Mardi,06:15-13:15,,Petite ville,44.519428,5.7545655
Aspres-sur-Buëch,Hautes-Alpes,5010,"44.519428, 5.7545655",87763250,Mercredi,06:15-13:15,,Petite ville,44.519428,5.7545655
Aspres-sur-Buëch,Hautes-Alpes,5010,"44.519428, 5.7545655",87763250,Jeudi,06:15-13:15,,Petite ville,44.519428,5.7545655
Aspres-sur-Buëch,Hautes-Alpes,5010,"44.519428, 5.7545655",87763250,Vendredi,06:15-13:15,,Petite ville,44.519428,5.7545655
Aspres-sur-Buëch,Hautes-Alpes,5010,"44.519428, 5.7545655",87763250,Samedi,06:15-13:15,,Petite ville,44.519428,5.7545655
Aubagne,Bouches-du-Rhône,13005,"43.296045, 5.56658",87751750,Lundi,05:25-22:30,05:25-23:15,Petite ville,43.296045,5.56658
Aubagne,Bouches-du-Rhône,13005,"43.296045, 5.56658",87751750,Mardi,05:25-22:30,05:25-23:15,Petite ville,43.296045,5.56658
Aubagne,Bouches-du-Rhône,13005,"43.296045, 5.56658",87751750,Mercredi,05:25-22:30,05:25-23:15,Petite ville,43.296045,5.56658
Aubagne,Bouches-du-Rhône,13005,"43.296045, 5.56658",87751750,Jeudi,05:25-22:30,05:25-23:15,Petite ville,43.296045,5.56658
Aubagne,Bouches-du-Rhône,13005,"43.296045, 5.56658",87751750,Vendredi,05:25-22:55,05:25-23:15,Petite ville,43.296045,5.56658
Aubagne,Bouches-du-Rhône,13005,"43.296045, 5.56658",87751750,Samedi,05:25-23:15,05:25-23:15,Petite ville,43.296045,5.56658
Aubagne,Bouches-du-Rhône,13005,"43.296045, 5.56658",87751750,Dimanche,05:25-23:15,05:25-23:15,Petite ville,43.296045,5.56658
Avignon Centre,Vaucluse,84007,"43.9419, 4.805281",87765008,Lundi,05:00-22:35,05:30-22:35,Grande ville,43.9419,4.805281
Avignon Centre,Vaucluse,84007,"43.9419, 4.805281",87765008,Mardi,05:00-22:35,05:30-22:35,Grande ville,43.9419,4.805281
Avignon Centre,Vaucluse,84007,"43.9419, 4.805281",87765008,Mercredi,05:00-22:35,05:30-22:35,Grande ville,43.9419,4.805281
Avignon Centre,Vaucluse,84007,"43.9419, 4.805281",87765008,Jeudi,05:00-22:35,05:30-22:35,Grande ville,43.9419,4.805281
Avignon Centre,Vaucluse,84007,"43.9419, 4.805281",87765008,Vendredi,05:00-22:35,05:30-22:35,Grande ville,43.9419,4.805281
Avignon Centre,Vaucluse,84007,"43.9419, 4.805281",87765008,Samedi,05:00-22:35,05:30-22:35,Grande ville,43.9419,4.805281
Avignon Centre,Vaucluse,84007,"43.9419, 4.805281",87765008,Dimanche,05:30-22:35,05:30-22:35,Grande ville,43.9419,4.805281
Avignon TGV,Vaucluse,84007,"43.921586, 4.786079",87318964,Lundi,05:00-00:00,05:45-00:00,Grande ville,43.921586,4.786079
Avignon TGV,Vaucluse,84007,"43.921586, 4.786079",87318964,Mardi,05:00-00:00,05:45-00:00,Grande ville,43.921586,4.786079
Avignon TGV,Vaucluse,84007,"43.921586, 4.786079",87318964,Mercredi,05:00-00:00,05:45-00:00,Grande ville,43.921586,4.786079
Avignon TGV,Vaucluse,84007,"43.921586, 4.786079",87318964,Jeudi,05:00-00:00,05:45-00:00,Grande ville,43.921586,4.786079
Avignon TGV,Vaucluse,84007,"43.921586, 4.786079",87318964,Vendredi,05:00-00:00,05:45-00:00,Grande ville,43.921586,4.786079
Avignon TGV,Vaucluse,84007,"43.921586, 4.786079",87318964,Samedi,05:45-00:00,05:45-00:00,Grande ville,43.921586,4.786079
Avignon TGV,Vaucluse,84007,"43.921586, 4.786079",87318964,Dimanche,05:45-00:00,05:45-00:00,Grande ville,43.921586,4.786079
Bandol,Var,83009,"43.140344, 5.750118",87755223,Lundi,09:00-13:00,,Petite ville,43.140344,5.750118
Bandol,Var,83009,"43.140344, 5.750118",87755223,Lundi,14:00-17:10,,Petite ville,43.140344,5.750118
Bandol,Var,83009,"43.140344, 5.750118",87755223,Mardi,09:00-13:00,,Petite ville,43.140344,5.750118
Bandol,Var,83009,"43.140344, 5.750118",87755223,Mardi,14:00-17:10,,Petite ville,43.140344,5.750118
Bandol,Var,83009,"43.140344, 5.750118",87755223,Mercredi,14:00-17:10,,Petite ville,43.140344,5.750118
Bandol,Var,83009,"43.140344, 5.750118",87755223,Mercredi,09:00-13:00,,Petite ville,43.140344,5.750118
Bandol,Var,83009,"43.140344, 5.750118",87755223,Jeudi,09:00-13:00,,Petite ville,43.140344,5.750118
Bandol,Var,83009,"43.140344, 5.750118",87755223,Jeudi,14:00-17:10,,Petite ville,43.140344,5.750118
Bandol,Var,83009,"43.140344, 5.750118",87755223,Vendredi,09:00-13:00,,Petite ville,43.140344,5.750118
Bandol,Var,83009,"43.140344, 5.750118",87755223,Vendredi,14:00-17:10,,Petite ville,43.140344,5.750118
Bandol,Var,83009,"43.140344, 5.750118",87755223,Samedi,14:00-17:10,,Petite ville,43.140344,5.750118
Bandol,Var,83009,"43.140344, 5.750118",87755223,Samedi,09:00-13:00,,Petite ville,43.140344,5.750118
Biot,Alpes-Maritimes,6004,"43.610951, 7.12609",87757690,Mardi,14:00-17:00,,Petite ville,43.610951,7.12609
Biot,Alpes-Maritimes,6004,"43.610951, 7.12609",87757690,Jeudi,09:00-12:00,,Petite ville,43.610951,7.12609
Bollène La Croisière,Vaucluse,84019,"44.271525, 4.707908",87764357,Lundi,06:10-13:15,,Petite ville,44.271525,4.707908
Bollène La Croisière,Vaucluse,84019,"44.271525, 4.707908",87764357,Mardi,08:30-15:30,,Petite ville,44.271525,4.707908
Bollène La Croisière,Vaucluse,84019,"44.271525, 4.707908",87764357,Mercredi,08:30-15:30,,Petite ville,44.271525,4.707908
Bollène La Croisière,Vaucluse,84019,"44.271525, 4.707908",87764357,Jeudi,08:30-15:30,,Petite ville,44.271525,4.707908
Bollène La Croisière,Vaucluse,84019,"44.271525, 4.707908",87764357,Vendredi,10:00-17:00,,Petite ville,44.271525,4.707908
Briançon,Hautes-Alpes,5023,"44.889853, 6.633007",87763607,Lundi,05:30-20:10,05:30-20:10,Petite ville,44.889853,6.633007
Briançon,Hautes-Alpes,5023,"44.889853, 6.633007",87763607,Mardi,05:30-20:10,05:30-20:10,Petite ville,44.889853,6.633007
Briançon,Hautes-Alpes,5023,"44.889853, 6.633007",87763607,Mercredi,05:30-20:10,05:30-20:10,Petite ville,44.889853,6.633007
Briançon,Hautes-Alpes,5023,"44.889853, 6.633007",87763607,Jeudi,05:30-20:10,05:30-20:10,Petite ville,44.889853,6.633007
Briançon,Hautes-Alpes,5023,"44.889853, 6.633007",87763607,Vendredi,05:30-20:10,05:30-20:10,Petite ville,44.889853,6.633007
Briançon,Hautes-Alpes,5023,"44.889853, 6.633007",87763607,Samedi,05:30-20:10,05:30-20:10,Petite ville,44.889853,6.633007
Briançon,Hautes-Alpes,5023,"44.889853, 6.633007",87763607,Dimanche,05:30-20:10,05:30-20:10,Petite ville,44.889853,6.633007
Cagnes-sur-Mer,Alpes-Maritimes,6027,"43.65813, 7.14864",87756320,Lundi,05:50-20:45,06:45-20:45,Petite ville,43.65813,7.14864
Cagnes-sur-Mer,Alpes-Maritimes,6027,"43.65813, 7.14864",87756320,Mardi,05:50-20:45,06:45-20:45,Petite ville,43.65813,7.14864
Cagnes-sur-Mer,Alpes-Maritimes,6027,"43.65813, 7.14864",87756320,Mercredi,05:50-20:45,06:45-20:45,Petite ville,43.65813,7.14864
Cagnes-sur-Mer,Alpes-Maritimes,6027,"43.65813, 7.14864",87756320,Jeudi,05:50-20:45,06:45-20:45,Petite ville,43.65813,7.14864
Cagnes-sur-Mer,Alpes-Maritimes,6027,"43.65813, 7.14864",87756320,Vendredi,05:50-20:45,06:45-20:45,Petite ville,43.65813,7.14864
Cagnes-sur-Mer,Alpes-Maritimes,6027,"43.65813, 7.14864",87756320,Samedi,05:50-20:45,06:45-20:45,Petite ville,43.65813,7.14864
Cagnes-sur-Mer,Alpes-Maritimes,6027,"43.65813, 7.14864",87756320,Dimanche,06:45-20:45,06:45-20:45,Petite ville,43.65813,7.14864
Cannes,Alpes-Maritimes,6029,"43.553839, 7.019682",87757625,Lundi,05:00-23:20,05:00-00:50,Petite ville,43.553839,7.019682
Cannes,Alpes-Maritimes,6029,"43.553839, 7.019682",87757625,Mardi,05:00-23:20,05:00-00:50,Petite ville,43.553839,7.019682
Cannes,Alpes-Maritimes,6029,"43.553839, 7.019682",87757625,Mercredi,05:00-23:20,05:00-00:50,Petite ville,43.553839,7.019682
Cannes,Alpes-Maritimes,6029,"43.553839, 7.019682",87757625,Jeudi,05:00-23:20,05:00-00:50,Petite ville,43.553839,7.019682
Cannes,Alpes-Maritimes,6029,"43.553839, 7.019682",87757625,Vendredi,05:00-00:50,05:00-00:50,Petite ville,43.553839,7.019682
Cannes,Alpes-Maritimes,6029,"43.553839, 7.019682",87757625,Samedi,05:45-00:50,05:00-00:50,Petite ville,43.553839,7.019682
Cannes,Alpes-Maritimes,6029,"43.553839, 7.019682",87757625,Dimanche,05:00-00:50,05:00-00:50,Petite ville,43.553839,7.019682
Carnoules,Var,83033,"43.2974104, 6.1862531",87755371,Mardi,08:00-11:00,,Petite ville,43.2974104,6.1862531
Carnoules,Var,83033,"43.2974104, 6.1862531",87755371,Jeudi,06:00-09:00,,Petite ville,43.2974104,6.1862531
Carpentras,Vaucluse,84031,"44.0499488, 5.044141",87765735,Lundi,09:00-16:15,09:00-16:15,Petite ville,44.0499488,5.044141
Carpentras,Vaucluse,84031,"44.0499488, 5.044141",87765735,Mardi,09:00-16:15,09:00-16:15,Petite ville,44.0499488,5.044141
Carpentras,Vaucluse,84031,"44.0499488, 5.044141",87765735,Mercredi,09:00-16:15,09:00-16:15,Petite ville,44.0499488,5.044141
Carpentras,Vaucluse,84031,"44.0499488, 5.044141",87765735,Jeudi,09:00-16:15,09:00-16:15,Petite ville,44.0499488,5.044141
Carpentras,Vaucluse,84031,"44.0499488, 5.044141",87765735,Vendredi,09:00-16:15,09:00-16:15,Petite ville,44.0499488,5.044141
Carpentras,Vaucluse,84031,"44.0499488, 5.044141",87765735,Samedi,09:00-16:15,09:00-16:15,Petite ville,44.0499488,5.044141
Carpentras,Vaucluse,84031,"44.0499488, 5.044141",87765735,Dimanche,09:00-16:15,09:00-16:15,Petite ville,44.0499488,5.044141
Carry-le-Rouet,Bouches-du-Rhône,13021,"43.336592, 5.153594",87753566,Lundi,06:50-13:50,Fermé,Petite ville,43.336592,5.153594
Carry-le-Rouet,Bouches-du-Rhône,13021,"43.336592, 5.153594",87753566,Mardi,09:55-16:55,Fermé,Petite ville,43.336592,5.153594
Carry-le-Rouet,Bouches-du-Rhône,13021,"43.336592, 5.153594",87753566,Mercredi,09:55-16:55,Fermé,Petite ville,43.336592,5.153594
Carry-le-Rouet,Bouches-du-Rhône,13021,"43.336592, 5.153594",87753566,Samedi,09:55-16:55,Fermé,Petite ville,43.336592,5.153594
Cassis,Bouches-du-Rhône,13022,"43.23406, 5.553055",87751776,Mardi,13:00-15:00,Fermé,Petite ville,43.23406,5.553055
Cassis,Bouches-du-Rhône,13022,"43.23406, 5.553055",87751776,Mardi,07:00-12:00,Fermé,Petite ville,43.23406,5.553055
Cassis,Bouches-du-Rhône,13022,"43.23406, 5.553055",87751776,Jeudi,07:00-12:00,Fermé,Petite ville,43.23406,5.553055
Cassis,Bouches-du-Rhône,13022,"43.23406, 5.553055",87751776,Jeudi,13:00-15:00,Fermé,Petite ville,43.23406,5.553055
Cassis,Bouches-du-Rhône,13022,"43.23406, 5.553055",87751776,Samedi,13:45-16:00,Fermé,Petite ville,43.23406,5.553055
Cavaillon,Vaucluse,84035,"43.834554, 5.043613",87765503,Lundi,05:45-20:45,05:45-20:45,Petite ville,43.834554,5.043613
Cavaillon,Vaucluse,84035,"43.834554, 5.043613",87765503,Mardi,05:45-20:45,05:45-20:45,Petite ville,43.834554,5.043613
Cavaillon,Vaucluse,84035,"43.834554, 5.043613",87765503,Mercredi,05:45-20:45,05:45-20:45,Petite ville,43.834554,5.043613
Cavaillon,Vaucluse,84035,"43.834554, 5.043613",87765503,Jeudi,05:45-20:45,05:45-20:45,Petite ville,43.834554,5.043613
Cavaillon,Vaucluse,84035,"43.834554, 5.043613",87765503,Vendredi,05:45-20:45,05:45-20:45,Petite ville,43.834554,5.043613
Cavaillon,Vaucluse,84035,"43.834554, 5.043613",87765503,Samedi,05:45-20:45,05:45-20:45,Petite ville,43.834554,5.043613
Cavaillon,Vaucluse,84035,"43.834554, 5.043613",87765503,Dimanche,05:45-20:45,05:45-20:45,Petite ville,43.834554,5.043613
Chorges,Hautes-Alpes,5040,"44.5458415, 6.2718887",87763425,Lundi,06:10-21:30,06:10-21:30,Petite ville,44.5458415,6.2718887
Chorges,Hautes-Alpes,5040,"44.5458415, 6.2718887",87763425,Mardi,06:10-21:30,06:10-21:30,Petite ville,44.5458415,6.2718887
Chorges,Hautes-Alpes,5040,"44.5458415, 6.2718887",87763425,Mercredi,06:10-21:30,06:10-21:30,Petite ville,44.5458415,6.2718887
Chorges,Hautes-Alpes,5040,"44.5458415, 6.2718887",87763425,Jeudi,06:10-21:30,06:10-21:30,Petite ville,44.5458415,6.2718887
Chorges,Hautes-Alpes,5040,"44.5458415, 6.2718887",87763425,Vendredi,06:10-21:30,06:10-21:30,Petite ville,44.5458415,6.2718887
Chorges,Hautes-Alpes,5040,"44.5458415, 6.2718887",87763425,Samedi,06:10-21:30,06:10-21:30,Petite ville,44.5458415,6.2718887
Chorges,Hautes-Alpes,5040,"44.5458415, 6.2718887",87763425,Dimanche,06:10-21:30,06:10-21:30,Petite ville,44.5458415,6.2718887
Château-Arnoux-Saint-Auban,Alpes-de-Haute-Provence,4049,"44.0615651, 5.9973734",87751230,Lundi,05:45-21:00,07:30-21:00,Petite ville,44.0615651,5.9973734
Château-Arnoux-Saint-Auban,Alpes-de-Haute-Provence,4049,"44.0615651, 5.9973734",87751230,Mardi,05:45-21:00,07:30-21:00,Petite ville,44.0615651,5.9973734
Château-Arnoux-Saint-Auban,Alpes-de-Haute-Provence,4049,"44.0615651, 5.9973734",87751230,Mercredi,05:45-21:00,07:30-21:00,Petite ville,44.0615651,5.9973734
Château-Arnoux-Saint-Auban,Alpes-de-Haute-Provence,4049,"44.0615651, 5.9973734",87751230,Jeudi,05:45-21:00,07:30-21:00,Petite ville,44.0615651,5.9973734
Château-Arnoux-Saint-Auban,Alpes-de-Haute-Provence,4049,"44.0615651, 5.9973734",87751230,Vendredi,05:45-21:00,07:30-21:00,Petite ville,44.0615651,5.9973734
Château-Arnoux-Saint-Auban,Alpes-de-Haute-Provence,4049,"44.0615651, 5.9973734",87751230,Samedi,05:45-21:00,07:30-21:00,Petite ville,44.0615651,5.9973734
Château-Arnoux-Saint-Auban,Alpes-de-Haute-Provence,4049,"44.0615651, 5.9973734",87751230,Dimanche,07:30-21:00,07:30-21:00,Petite ville,44.0615651,5.9973734
Fréjus,Var,83061,"43.432032, 6.732941",87757500,Lundi,13:30-17:10,,Petite ville,43.432032,6.732941
Fréjus,Var,83061,"43.432032, 6.732941",87757500,Lundi,09:00-12:30,,Petite ville,43.432032,6.732941
Fréjus,Var,83061,"43.432032, 6.732941",87757500,Mardi,09:00-12:30,,Petite ville,43.432032,6.732941
Fréjus,Var,83061,"43.432032, 6.732941",87757500,Mardi,13:30-17:10,,Petite ville,43.432032,6.732941
Fréjus,Var,83061,"43.432032, 6.732941",87757500,Mercredi,09:00-12:30,,Petite ville,43.432032,6.732941
Fréjus,Var,83061,"43.432032, 6.732941",87757500,Mercredi,13:30-17:10,,Petite ville,43.432032,6.732941
Fréjus,Var,83061,"43.432032, 6.732941",87757500,Jeudi,09:00-12:30,,Petite ville,43.432032,6.732941
Fréjus,Var,83061,"43.432032, 6.732941",87757500,Jeudi,13:30-17:10,,Petite ville,43.432032,6.732941
Fréjus,Var,83061,"43.432032, 6.732941",87757500,Vendredi,13:30-17:10,,Petite ville,43.432032,6.732941
Fréjus,Var,83061,"43.432032, 6.732941",87757500,Vendredi,09:00-12:30,,Petite ville,43.432032,6.732941
Gap,Hautes-Alpes,5061,"44.563693, 6.085638",87763003,Lundi,04:45-22:50,06:00-22:50,Petite ville,44.563693,6.085638
Gap,Hautes-Alpes,5061,"44.563693, 6.085638",87763003,Mardi,04:45-22:50,06:00-22:50,Petite ville,44.563693,6.085638
Gap,Hautes-Alpes,5061,"44.563693, 6.085638",87763003,Mercredi,04:45-22:50,06:00-22:50,Petite ville,44.563693,6.085638
Gap,Hautes-Alpes,5061,"44.563693, 6.085638",87763003,Jeudi,04:45-22:50,06:00-22:50,Petite ville,44.563693,6.085638
Gap,Hautes-Alpes,5061,"44.563693, 6.085638",87763003,Vendredi,04:45-22:50,06:00-22:50,Petite ville,44.563693,6.085638
Gap,Hautes-Alpes,5061,"44.563693, 6.085638",87763003,Samedi,04:45-22:00,06:00-22:50,Petite ville,44.563693,6.085638
Gap,Hautes-Alpes,5061,"44.563693, 6.085638",87763003,Dimanche,06:00-22:50,06:00-22:50,Petite ville,44.563693,6.085638
Grasse,Alpes-Maritimes,6069,"43.653317, 6.925524",87757724,Lundi,07:00-20:00,09:00-16:10,Petite ville,43.653317,6.925524
Grasse,Alpes-Maritimes,6069,"43.653317, 6.925524",87757724,Mardi,07:00-20:00,09:00-16:10,Petite ville,43.653317,6.925524
Grasse,Alpes-Maritimes,6069,"43.653317, 6.925524",87757724,Mercredi,07:00-20:00,09:00-16:10,Petite ville,43.653317,6.925524
Grasse,Alpes-Maritimes,6069,"43.653317, 6.925524",87757724,Jeudi,07:00-20:00,09:00-16:10,Petite ville,43.653317,6.925524
Grasse,Alpes-Maritimes,6069,"43.653317, 6.925524",87757724,Vendredi,07:00-20:00,09:00-16:10,Petite ville,43.653317,6.925524
Grasse,Alpes-Maritimes,6069,"43.653317, 6.925524",87757724,Samedi,09:00-16:10,09:00-16:10,Petite ville,43.653317,6.925524
Grasse,Alpes-Maritimes,6069,"43.653317, 6.925524",87757724,Dimanche,09:00-16:10,09:00-16:10,Petite ville,43.653317,6.925524
Hyères,Var,83069,"43.108867, 6.124223",87755629,Lundi,05:40-22:00,05:40-22:00,Petite ville,43.108867,6.124223
Hyères,Var,83069,"43.108867, 6.124223",87755629,Mardi,05:40-22:00,05:40-22:00,Petite ville,43.108867,6.124223
Hyères,Var,83069,"43.108867, 6.124223",87755629,Mercredi,05:40-22:00,05:40-22:00,Petite ville,43.108867,6.124223
Hyères,Var,83069,"43.108867, 6.124223",87755629,Jeudi,05:40-22:00,05:40-22:00,Petite ville,43.108867,6.124223
Hyères,Var,83069,"43.108867, 6.124223",87755629,Vendredi,05:40-22:00,05:40-22:00,Petite ville,43.108867,6.124223
Hyères,Var,83069,"43.108867, 6.124223",87755629,Samedi,05:40-22:00,05:40-22:00,Petite ville,43.108867,6.124223
Hyères,Var,83069,"43.108867, 6.124223",87755629,Dimanche,05:40-22:00,05:40-22:00,Petite ville,43.108867,6.124223
Istres,Bouches-du-Rhône,13047,"43.5153953, 4.9804272",87753418,Lundi,06:15-13:15,Fermé,Petite ville,43.5153953,4.9804272
Istres,Bouches-du-Rhône,13047,"43.5153953, 4.9804272",87753418,Mardi,09:55-16:55,Fermé,Petite ville,43.5153953,4.9804272
Istres,Bouches-du-Rhône,13047,"43.5153953, 4.9804272",87753418,Mercredi,09:55-16:55,Fermé,Petite ville,43.5153953,4.9804272
Istres,Bouches-du-Rhône,13047,"43.5153953, 4.9804272",87753418,Jeudi,09:55-16:55,Fermé,Petite ville,43.5153953,4.9804272
Istres,Bouches-du-Rhône,13047,"43.5153953, 4.9804272",87753418,Vendredi,09:55-16:55,Fermé,Petite ville,43.5153953,4.9804272
L'Argentière Les Écrins,Hautes-Alpes,5006,"44.7909802, 6.5564162",87763557,Lundi,06:15-21:10,06:15-21:10,Petite ville,44.7909802,6.5564162
L'Argentière Les Écrins,Hautes-Alpes,5006,"44.7909802, 6.5564162",87763557,Mardi,06:15-21:10,06:15-21:10,Petite ville,44.7909802,6.5564162
L'Argentière Les Écrins,Hautes-Alpes,5006,"44.7909802, 6.5564162",87763557,Mercredi,06:15-21:10,06:15-21:10,Petite ville,44.7909802,6.5564162
L'Argentière Les Écrins,Hautes-Alpes,5006,"44.7909802, 6.5564162",87763557,Jeudi,06:15-21:10,06:15-21:10,Petite ville,44.7909802,6.5564162
L'Argentière Les Écrins,Hautes-Alpes,5006,"44.7909802, 6.5564162",87763557,Vendredi,06:15-21:10,06:15-21:10,Petite ville,44.7909802,6.5564162
L'Argentière Les Écrins,Hautes-Alpes,5006,"44.7909802, 6.5564162",87763557,Samedi,06:15-21:10,06:15-21:10,Petite ville,44.7909802,6.5564162
L'Argentière Les Écrins,Hautes-Alpes,5006,"44.7909802, 6.5564162",87763557,Dimanche,06:15-21:10,06:15-21:10,Petite ville,44.7909802,6.5564162
L'Isle-sur-la-Sorgue - Fontaine-de-Vaucluse,Vaucluse,84054,"43.917393, 5.047615",87765479,Lundi,11:15-18:20,Fermé,Petite ville,43.917393,5.047615
L'Isle-sur-la-Sorgue - Fontaine-de-Vaucluse,Vaucluse,84054,"43.917393, 5.047615",87765479,Mardi,11:15-18:20,Fermé,Petite ville,43.917393,5.047615
L'Isle-sur-la-Sorgue - Fontaine-de-Vaucluse,Vaucluse,84054,"43.917393, 5.047615",87765479,Mercredi,11:15-18:20,Fermé,Petite ville,43.917393,5.047615
L'Isle-sur-la-Sorgue - Fontaine-de-Vaucluse,Vaucluse,84054,"43.917393, 5.047615",87765479,Jeudi,11:15-18:20,Fermé,Petite ville,43.917393,5.047615
L'Isle-sur-la-Sorgue - Fontaine-de-Vaucluse,Vaucluse,84054,"43.917393, 5.047615",87765479,Vendredi,11:15-18:20,Fermé,Petite ville,43.917393,5.047615
La Brillanne - Oraison,Alpes-de-Haute-Provence,4034,"43.9247771, 5.8923199",87751271,Lundi,06:00-21:00,06:00-21:00,Petite ville,43.9247771,5.8923199
La Brillanne - Oraison,Alpes-de-Haute-Provence,4034,"43.9247771, 5.8923199",87751271,Mardi,06:00-21:00,06:00-21:00,Petite ville,43.9247771,5.8923199
La Brillanne - Oraison,Alpes-de-Haute-Provence,4034,"43.9247771, 5.8923199",87751271,Mercredi,06:00-21:00,06:00-21:00,Petite ville,43.9247771,5.8923199
La Brillanne - Oraison,Alpes-de-Haute-Provence,4034,"43.9247771, 5.8923199",87751271,Jeudi,06:00-21:00,06:00-21:00,Petite ville,43.9247771,5.8923199
La Brillanne - Oraison,Alpes-de-Haute-Provence,4034,"43.9247771, 5.8923199",87751271,Vendredi,06:00-21:00,06:00-21:00,Petite ville,43.9247771,5.8923199
La Brillanne - Oraison,Alpes-de-Haute-Provence,4034,"43.9247771, 5.8923199",87751271,Samedi,06:00-21:00,06:00-21:00,Petite ville,43.9247771,5.8923199
La Brillanne - Oraison,Alpes-de-Haute-Provence,4034,"43.9247771, 5.8923199",87751271,Dimanche,07:30-21:00,07:30-21:00,Petite ville,43.9247771,5.8923199
La Ciotat - Ceyreste,Bouches-du-Rhône,13028,"43.199593, 5.632647",87751784,Lundi,09:00-13:00,Fermé,Petite ville,43.199593,5.632647
La Ciotat - Ceyreste,Bouches-du-Rhône,13028,"43.199593, 5.632647",87751784,Lundi,14:00-17:10,Fermé,Petite ville,43.199593,5.632647
La Ciotat - Ceyreste,Bouches-du-Rhône,13028,"43.199593, 5.632647",87751784,Mardi,09:00-13:00,Fermé,Petite ville,43.199593,5.632647
La Ciotat - Ceyreste,Bouches-du-Rhône,13028,"43.199593, 5.632647",87751784,Mardi,14:00-17:10,Fermé,Petite ville,43.199593,5.632647
La Ciotat - Ceyreste,Bouches-du-Rhône,13028,"43.199593, 5.632647",87751784,Mercredi,14:00-17:10,Fermé,Petite ville,43.199593,5.632647
La Ciotat - Ceyreste,Bouches-du-Rhône,13028,"43.199593, 5.632647",87751784,Mercredi,09:00-13:00,Fermé,Petite ville,43.199593,5.632647
La Ciotat - Ceyreste,Bouches-du-Rhône,13028,"43.199593, 5.632647",87751784,Jeudi,14:00-17:10,Fermé,Petite ville,43.199593,5.632647
La Ciotat - Ceyreste,Bouches-du-Rhône,13028,"43.199593, 5.632647",87751784,Jeudi,09:00-13:00,Fermé,Petite ville,43.199593,5.632647
La Ciotat - Ceyreste,Bouches-du-Rhône,13028,"43.199593, 5.632647",87751784,Vendredi,09:00-13:00,Fermé,Petite ville,43.199593,5.632647
La Ciotat - Ceyreste,Bouches-du-Rhône,13028,"43.199593, 5.632647",87751784,Vendredi,14:00-17:10,Fermé,Petite ville,43.199593,5.632647
La Ciotat - Ceyreste,Bouches-du-Rhône,13028,"43.199593, 5.632647",87751784,Samedi,09:00-13:00,Fermé,Petite ville,43.199593,5.632647
La Ciotat - Ceyreste,Bouches-du-Rhône,13028,"43.199593, 5.632647",87751784,Samedi,14:00-17:10,Fermé,Petite ville,43.199593,5.632647
La Crau,Var,83047,"43.1449352, 6.0687663",87755611,Lundi,00:00-23:59,00:00-23:59,Petite ville,43.1449352,6.0687663
La Crau,Var,83047,"43.1449352, 6.0687663",87755611,Mardi,00:00-23:59,00:00-23:59,Petite ville,43.1449352,6.0687663
La Crau,Var,83047,"43.1449352, 6.0687663",87755611,Mercredi,00:00-23:59,00:00-23:59,Petite ville,43.1449352,6.0687663
La Crau,Var,83047,"43.1449352, 6.0687663",87755611,Jeudi,00:00-23:59,00:00-23:59,Petite ville,43.1449352,6.0687663
La Crau,Var,83047,"43.1449352, 6.0687663",87755611,Vendredi,00:00-23:59,00:00-23:59,Petite ville,43.1449352,6.0687663
La Crau,Var,83047,"43.1449352, 6.0687663",87755611,Samedi,00:00-23:59,00:00-23:59,Petite ville,43.1449352,6.0687663
La Crau,Var,83047,"43.1449352, 6.0687663",87755611,Dimanche,00:00-23:59,00:00-23:59,Petite ville,43.1449352,6.0687663
La Garde,Var,83062,"43.1187044, 6.0100767",87755306,Lundi,06:00-13:10,,Petite ville,43.1187044,6.0100767
La Garde,Var,83062,"43.1187044, 6.0100767",87755306,Mercredi,06:00-13:10,,Petite ville,43.1187044,6.0100767
La Garde,Var,83062,"43.1187044, 6.0100767",87755306,Vendredi,06:00-13:10,,Petite ville,43.1187044,6.0100767
La Pauline Hyères,Var,83062,"43.1364769, 6.0351027",87755314,Lundi,06:15-09:15,,Petite ville,43.1364769,6.0351027
La Pauline Hyères,Var,83062,"43.1364769, 6.0351027",87755314,Jeudi,09:45-12:15,,Petite ville,43.1364769,6.0351027
La Seyne - Six-Fours,Var,83126,"43.116959, 5.876966",87755264,Lundi,09:00-13:00,,Petite ville,43.116959,5.876966
La Seyne - Six-Fours,Var,83126,"43.116959, 5.876966",87755264,Lundi,14:00-17:10,,Petite ville,43.116959,5.876966
La Seyne - Six-Fours,Var,83126,"43.116959, 5.876966",87755264,Mardi,14:00-17:10,,Petite ville,43.116959,5.876966
La Seyne - Six-Fours,Var,83126,"43.116959, 5.876966",87755264,Mardi,09:00-13:00,,Petite ville,43.116959,5.876966
La Seyne - Six-Fours,Var,83126,"43.116959, 5.876966",87755264,Mercredi,14:00-17:10,,Petite ville,43.116959,5.876966
La Seyne - Six-Fours,Var,83126,"43.116959, 5.876966",87755264,Mercredi,09:00-13:00,,Petite ville,43.116959,5.876966
La Seyne - Six-Fours,Var,83126,"43.116959, 5.876966",87755264,Jeudi,14:00-17:10,,Petite ville,43.116959,5.876966
La Seyne - Six-Fours,Var,83126,"43.116959, 5.876966",87755264,Jeudi,09:00-13:00,,Petite ville,43.116959,5.876966
La Seyne - Six-Fours,Var,83126,"43.116959, 5.876966",87755264,Vendredi,14:00-17:10,,Petite ville,43.116959,5.876966
La Seyne - Six-Fours,Var,83126,"43.116959, 5.876966",87755264,Vendredi,09:00-13:00,,Petite ville,43.116959,5.876966
La Seyne - Six-Fours,Var,83126,"43.116959, 5.876966",87755264,Samedi,09:00-13:00,,Petite ville,43.116959,5.876966
La Seyne - Six-Fours,Var,83126,"43.116959, 5.876966",87755264,Samedi,14:00-17:10,,Petite ville,43.116959,5.876966
Laragne-Montéglin,Hautes-Alpes,5070,"44.3164984, 5.8189832",87763755,Lundi,06:30-20:30,06:30-20:30,Petite ville,44.3164984,5.8189832
Laragne-Montéglin,Hautes-Alpes,5070,"44.3164984, 5.8189832",87763755,Mardi,06:30-20:30,06:30-20:30,Petite ville,44.3164984,5.8189832
Laragne-Montéglin,Hautes-Alpes,5070,"44.3164984, 5.8189832",87763755,Mercredi,06:30-20:30,06:30-20:30,Petite ville,44.3164984,5.8189832
Laragne-Montéglin,Hautes-Alpes,5070,"44.3164984, 5.8189832",87763755,Jeudi,06:30-20:30,06:30-20:30,Petite ville,44.3164984,5.8189832
Laragne-Montéglin,Hautes-Alpes,5070,"44.3164984, 5.8189832",87763755,Vendredi,06:30-20:30,06:30-20:30,Petite ville,44.3164984,5.8189832
Laragne-Montéglin,Hautes-Alpes,5070,"44.3164984, 5.8189832",87763755,Samedi,06:30-20:30,06:30-20:30,Petite ville,44.3164984,5.8189832
Laragne-Montéglin,Hautes-Alpes,5070,"44.3164984, 5.8189832",87763755,Dimanche,07:00-20:30,07:00-20:30,Petite ville,44.3164984,5.8189832
Le Luc - Le Cannet,Var,83031,"43.3902379, 6.3430972",87755405,Mercredi,06:15-09:15,,Petite ville,43.3902379,6.3430972
Le Luc - Le Cannet,Var,83031,"43.3902379, 6.3430972",87755405,Vendredi,10:30-13:30,,Petite ville,43.3902379,6.3430972
Les Arcs - Draguignan,Var,83004,"43.455524, 6.482498",87755447,Lundi,05:30-22:00,05:30-23:00,Petite ville,43.455524,6.482498
Les Arcs - Draguignan,Var,83004,"43.455524, 6.482498",87755447,Mardi,05:30-22:00,05:30-23:00,Petite ville,43.455524,6.482498
Les Arcs - Draguignan,Var,83004,"43.455524, 6.482498",87755447,Mercredi,05:30-22:00,05:30-23:00,Petite ville,43.455524,6.482498
Les Arcs - Draguignan,Var,83004,"43.455524, 6.482498",87755447,Jeudi,05:30-22:00,05:30-23:00,Petite ville,43.455524,6.482498
Les Arcs - Draguignan,Var,83004,"43.455524, 6.482498",87755447,Vendredi,05:30-23:00,05:30-23:00,Petite ville,43.455524,6.482498
Les Arcs - Draguignan,Var,83004,"43.455524, 6.482498",87755447,Samedi,05:30-23:00,05:30-23:00,Petite ville,43.455524,6.482498
Les Arcs - Draguignan,Var,83004,"43.455524, 6.482498",87755447,Dimanche,05:30-23:00,05:30-23:00,Petite ville,43.455524,6.482498
Manosque - Gréoux-les-Bains,Alpes-de-Haute-Provence,4112,"43.8231945, 5.7933241",87751321,Lundi,06:00-20:45,,Petite ville,43.8231945,5.7933241
Manosque - Gréoux-les-Bains,Alpes-de-Haute-Provence,4112,"43.8231945, 5.7933241",87751321,Mardi,06:00-20:45,,Petite ville,43.8231945,5.7933241
Manosque - Gréoux-les-Bains,Alpes-de-Haute-Provence,4112,"43.8231945, 5.7933241",87751321,Mercredi,06:00-20:45,,Petite ville,43.8231945,5.7933241
Manosque - Gréoux-les-Bains,Alpes-de-Haute-Provence,4112,"43.8231945, 5.7933241",87751321,Jeudi,06:00-20:45,,Petite ville,43.8231945,5.7933241
Manosque - Gréoux-les-Bains,Alpes-de-Haute-Provence,4112,"43.8231945, 5.7933241",87751321,Vendredi,06:00-20:45,,Petite ville,43.8231945,5.7933241
Manosque - Gréoux-les-Bains,Alpes-de-Haute-Provence,4112,"43.8231945, 5.7933241",87751321,Samedi,06:00-20:45,,Petite ville,43.8231945,5.7933241
Manosque - Gréoux-les-Bains,Alpes-de-Haute-Provence,4112,"43.8231945, 5.7933241",87751321,Dimanche,07:30-20:45,,Petite ville,43.8231945,5.7933241
Marseille Blancarde,Bouches-du-Rhône,13204,"43.29614391, 5.406559",87751081,Lundi,14:00-17:10,Fermé,Grande ville,43.29614391,5.406559
Marseille Blancarde,Bouches-du-Rhône,13204,"43.29614391, 5.406559",87751081,Lundi,09:00-13:00,Fermé,Grande ville,43.29614391,5.406559
Marseille Blancarde,Bouches-du-Rhône,13204,"43.29614391, 5.406559",87751081,Mardi,14:00-17:10,Fermé,Grande ville,43.29614391,5.406559
Marseille Blancarde,Bouches-du-Rhône,13204,"43.29614391, 5.406559",87751081,Mardi,09:00-13:00,Fermé,Grande ville,43.29614391,5.406559
Marseille Blancarde,Bouches-du-Rhône,13204,"43.29614391, 5.406559",87751081,Mercredi,09:00-13:00,Fermé,Grande ville,43.29614391,5.406559
Marseille Blancarde,Bouches-du-Rhône,13204,"43.29614391, 5.406559",87751081,Mercredi,14:00-17:10,Fermé,Grande ville,43.29614391,5.406559
Marseille Blancarde,Bouches-du-Rhône,13204,"43.29614391, 5.406559",87751081,Jeudi,09:00-13:00,Fermé,Grande ville,43.29614391,5.406559
Marseille Blancarde,Bouches-du-Rhône,13204,"43.29614391, 5.406559",87751081,Jeudi,14:00-17:10,Fermé,Grande ville,43.29614391,5.406559
Marseille Blancarde,Bouches-du-Rhône,13204,"43.29614391, 5.406559",87751081,Vendredi,14:00-17:10,Fermé,Grande ville,43.29614391,5.406559
Marseille Blancarde,Bouches-du-Rhône,13204,"43.29614391, 5.406559",87751081,Vendredi,09:00-13:00,Fermé,Grande ville,43.29614391,5.406559
Marseille Blancarde,Bouches-du-Rhône,13204,"43.29614391, 5.406559",87751081,Samedi,09:00-13:00,Fermé,Grande ville,43.29614391,5.406559
Marseille Blancarde,Bouches-du-Rhône,13204,"43.29614391, 5.406559",87751081,Samedi,14:00-17:10,Fermé,Grande ville,43.29614391,5.406559
Marseille Saint-Charles,Bouches-du-Rhône,13201,"43.302666, 5.380407",87751008,Lundi,04:30-01:05,04:30-01:05,Grande ville,43.302666,5.380407
Marseille Saint-Charles,Bouches-du-Rhône,13201,"43.302666, 5.380407",87751008,Mardi,04:30-01:05,04:30-01:05,Grande ville,43.302666,5.380407
Marseille Saint-Charles,Bouches-du-Rhône,13201,"43.302666, 5.380407",87751008,Mercredi,04:30-01:05,04:30-01:05,Grande ville,43.302666,5.380407
Marseille Saint-Charles,Bouches-du-Rhône,13201,"43.302666, 5.380407",87751008,Jeudi,04:30-01:05,04:30-01:05,Grande ville,43.302666,5.380407
Marseille Saint-Charles,Bouches-du-Rhône,13201,"43.302666, 5.380407",87751008,Vendredi,04:30-01:30,04:30-01:30,Grande ville,43.302666,5.380407
Marseille Saint-Charles,Bouches-du-Rhône,13201,"43.302666, 5.380407",87751008,Samedi,04:30-01:05,04:30-01:05,Grande ville,43.302666,5.380407
Marseille Saint-Charles,Bouches-du-Rhône,13201,"43.302666, 5.380407",87751008,Dimanche,04:30-01:05,04:30-01:05,Grande ville,43.302666,5.380407
Martigues,Bouches-du-Rhône,13056,"43.3929209, 5.0257804",87753509,Mardi,09:55-16:55,Fermé,Petite ville,43.3929209,5.0257804
Martigues,Bouches-du-Rhône,13056,"43.3929209, 5.0257804",87753509,Jeudi,09:55-16:55,Fermé,Petite ville,43.3929209,5.0257804
Martigues,Bouches-du-Rhône,13056,"43.3929209, 5.0257804",87753509,Vendredi,09:55-16:55,Fermé,Petite ville,43.3929209,5.0257804
Menton,Alpes-Maritimes,6083,"43.774444, 7.4933",87756486,Lundi,06:00-19:30,06:00-19:30,Petite ville,43.774444,7.4933
Menton,Alpes-Maritimes,6083,"43.774444, 7.4933",87756486,Mardi,06:00-19:30,06:00-19:30,Petite ville,43.774444,7.4933
Menton,Alpes-Maritimes,6083,"43.774444, 7.4933",87756486,Mercredi,06:00-19:30,06:00-19:30,Petite ville,43.774444,7.4933
Menton,Alpes-Maritimes,6083,"43.774444, 7.4933",87756486,Jeudi,06:00-19:30,06:00-19:30,Petite ville,43.774444,7.4933
Menton,Alpes-Maritimes,6083,"43.774444, 7.4933",87756486,Vendredi,06:00-19:30,06:00-19:30,Petite ville,43.774444,7.4933
Menton,Alpes-Maritimes,6083,"43.774444, 7.4933",87756486,Samedi,06:00-19:30,06:00-19:30,Petite ville,43.774444,7.4933
Menton,Alpes-Maritimes,6083,"43.774444, 7.4933",87756486,Dimanche,06:00-19:30,06:00-19:30,Petite ville,43.774444,7.4933
Meyrargues,Bouches-du-Rhône,13059,"43.6440076, 5.5395738",87751370,Lundi,06:10-21:30,08:10-20:25,Petite ville,43.6440076,5.5395738
Meyrargues,Bouches-du-Rhône,13059,"43.6440076, 5.5395738",87751370,Mardi,06:10-21:30,08:10-20:25,Petite ville,43.6440076,5.5395738
Meyrargues,Bouches-du-Rhône,13059,"43.6440076, 5.5395738",87751370,Mercredi,06:10-21:30,08:10-20:25,Petite ville,43.6440076,5.5395738
Meyrargues,Bouches-du-Rhône,13059,"43.6440076, 5.5395738",87751370,Jeudi,06:10-21:30,08:10-20:25,Petite ville,43.6440076,5.5395738
Meyrargues,Bouches-du-Rhône,13059,"43.6440076, 5.5395738",87751370,Vendredi,06:10-21:30,08:10-20:25,Petite ville,43.6440076,5.5395738
Meyrargues,Bouches-du-Rhône,13059,"43.6440076, 5.5395738",87751370,Samedi,06:10-21:30,08:10-20:25,Petite ville,43.6440076,5.5395738
Meyrargues,Bouches-du-Rhône,13059,"43.6440076, 5.5395738",87751370,Dimanche,08:10-20:25,08:10-20:25,Petite ville,43.6440076,5.5395738
Miramas,Bouches-du-Rhône,13063,"43.580704, 5.000264",87753004,Lundi,05:00-22:45,06:45-22:45,Petite ville,43.580704,5.000264
Miramas,Bouches-du-Rhône,13063,"43.580704, 5.000264",87753004,Mardi,05:00-22:45,06:45-22:45,Petite ville,43.580704,5.000264
Miramas,Bouches-du-Rhône,13063,"43.580704, 5.000264",87753004,Mercredi,05:00-22:45,06:45-22:45,Petite ville,43.580704,5.000264
Miramas,Bouches-du-Rhône,13063,"43.580704, 5.000264",87753004,Jeudi,05:00-22:45,06:45-22:45,Petite ville,43.580704,5.000264
Miramas,Bouches-du-Rhône,13063,"43.580704, 5.000264",87753004,Vendredi,05:00-22:45,06:45-22:45,Petite ville,43.580704,5.000264
Miramas,Bouches-du-Rhône,13063,"43.580704, 5.000264",87753004,Samedi,05:00-22:45,06:45-22:45,Petite ville,43.580704,5.000264
Miramas,Bouches-du-Rhône,13063,"43.580704, 5.000264",87753004,Dimanche,06:45-22:45,06:45-22:45,Petite ville,43.580704,5.000264
Mont-Dauphin - Guillestre,Hautes-Alpes,5052,"44.6746283, 6.6156027",87763508,Lundi,05:30-23:00,05:30-23:00,Petite ville,44.6746283,6.6156027
Mont-Dauphin - Guillestre,Hautes-Alpes,5052,"44.6746283, 6.6156027",87763508,Mardi,05:30-23:00,05:30-23:00,Petite ville,44.6746283,6.6156027
Mont-Dauphin - Guillestre,Hautes-Alpes,5052,"44.6746283, 6.6156027",87763508,Mercredi,05:30-23:00,05:30-23:00,Petite ville,44.6746283,6.6156027
Mont-Dauphin - Guillestre,Hautes-Alpes,5052,"44.6746283, 6.6156027",87763508,Jeudi,05:30-23:00,05:30-23:00,Petite ville,44.6746283,6.6156027
Mont-Dauphin - Guillestre,Hautes-Alpes,5052,"44.6746283, 6.6156027",87763508,Vendredi,05:30-23:00,05:30-23:00,Petite ville,44.6746283,6.6156027
Mont-Dauphin - Guillestre,Hautes-Alpes,5052,"44.6746283, 6.6156027",87763508,Samedi,05:30-23:00,05:30-23:00,Petite ville,44.6746283,6.6156027
Mont-Dauphin - Guillestre,Hautes-Alpes,5052,"44.6746283, 6.6156027",87763508,Dimanche,05:30-23:00,05:30-23:00,Petite ville,44.6746283,6.6156027
Mouans-Sartoux,Alpes-Maritimes,6084,"43.620318, 6.974114",87401323,Lundi,07:00-15:10,,Petite ville,43.620318,6.974114
Mouans-Sartoux,Alpes-Maritimes,6084,"43.620318, 6.974114",87401323,Mardi,07:00-15:10,,Petite ville,43.620318,6.974114
Mouans-Sartoux,Alpes-Maritimes,6084,"43.620318, 6.974114",87401323,Mercredi,07:00-15:10,,Petite ville,43.620318,6.974114
Mouans-Sartoux,Alpes-Maritimes,6084,"43.620318, 6.974114",87401323,Jeudi,07:00-15:10,,Petite ville,43.620318,6.974114
Mouans-Sartoux,Alpes-Maritimes,6084,"43.620318, 6.974114",87401323,Vendredi,07:00-15:10,,Petite ville,43.620318,6.974114
Nice,Alpes-Maritimes,6088,"43.704556, 7.261904",87756056,Lundi,05:00-00:30,05:00-00:30,Grande ville,43.704556,7.261904
Nice,Alpes-Maritimes,6088,"43.704556, 7.261904",87756056,Mardi,05:00-00:30,05:00-00:30,Grande ville,43.704556,7.261904
Nice,Alpes-Maritimes,6088,"43.704556, 7.261904",87756056,Mercredi,05:00-00:30,05:00-00:30,Grande ville,43.704556,7.261904
Nice,Alpes-Maritimes,6088,"43.704556, 7.261904",87756056,Jeudi,05:00-00:30,05:00-00:30,Grande ville,43.704556,7.261904
Nice,Alpes-Maritimes,6088,"43.704556, 7.261904",87756056,Vendredi,05:00-00:30,05:00-00:30,Grande ville,43.704556,7.261904
Nice,Alpes-Maritimes,6088,"43.704556, 7.261904",87756056,Samedi,05:00-00:30,05:00-00:30,Grande ville,43.704556,7.261904
Nice,Alpes-Maritimes,6088,"43.704556, 7.261904",87756056,Dimanche,05:00-00:30,05:00-00:30,Grande ville,43.704556,7.261904
Nice Riquier,Alpes-Maritimes,6088,"43.705554, 7.290175",87756353,Lundi,05:45-21:00,,Grande ville,43.705554,7.290175
Nice Riquier,Alpes-Maritimes,6088,"43.705554, 7.290175",87756353,Mardi,05:45-21:00,,Grande ville,43.705554,7.290175
Nice Riquier,Alpes-Maritimes,6088,"43.705554, 7.290175",87756353,Mercredi,05:45-21:00,,Grande ville,43.705554,7.290175
Nice Riquier,Alpes-Maritimes,6088,"43.705554, 7.290175",87756353,Jeudi,05:45-21:00,,Grande ville,43.705554,7.290175
Nice Riquier,Alpes-Maritimes,6088,"43.705554, 7.290175",87756353,Vendredi,05:45-21:00,,Grande ville,43.705554,7.290175
Nice Riquier,Alpes-Maritimes,6088,"43.705554, 7.290175",87756353,Samedi,06:15-20:10,,Grande ville,43.705554,7.290175
Nice Riquier,Alpes-Maritimes,6088,"43.705554, 7.290175",87756353,Dimanche,07:15-17:40,,Grande ville,43.705554,7.290175
Ollioules - Sanary-sur-Mer,Var,83090,"43.122586, 5.824979",87755231,Lundi,09:00-13:00,,Petite ville,43.122586,5.824979
Ollioules - Sanary-sur-Mer,Var,83090,"43.122586, 5.824979",87755231,Lundi,14:00-17:10,,Petite ville,43.122586,5.824979
Ollioules - Sanary-sur-Mer,Var,83090,"43.122586, 5.824979",87755231,Mardi,09:00-13:00,,Petite ville,43.122586,5.824979
Ollioules - Sanary-sur-Mer,Var,83090,"43.122586, 5.824979",87755231,Mardi,14:00-17:10,,Petite ville,43.122586,5.824979
Ollioules - Sanary-sur-Mer,Var,83090,"43.122586, 5.824979",87755231,Mercredi,09:00-13:00,,Petite ville,43.122586,5.824979
Ollioules - Sanary-sur-Mer,Var,83090,"43.122586, 5.824979",87755231,Mercredi,14:00-17:10,,Petite ville,43.122586,5.824979
Ollioules - Sanary-sur-Mer,Var,83090,"43.122586, 5.824979",87755231,Jeudi,09:00-13:00,,Petite ville,43.122586,5.824979
Ollioules - Sanary-sur-Mer,Var,83090,"43.122586, 5.824979",87755231,Jeudi,14:00-17:10,,Petite ville,43.122586,5.824979
Ollioules - Sanary-sur-Mer,Var,83090,"43.122586, 5.824979",87755231,Vendredi,09:00-13:00,,Petite ville,43.122586,5.824979
Ollioules - Sanary-sur-Mer,Var,83090,"43.122586, 5.824979",87755231,Vendredi,14:00-17:10,,Petite ville,43.122586,5.824979
Ollioules - Sanary-sur-Mer,Var,83090,"43.122586, 5.824979",87755231,Samedi,14:00-17:10,,Petite ville,43.122586,5.824979
Ollioules - Sanary-sur-Mer,Var,83090,"43.122586, 5.824979",87755231,Samedi,09:00-13:00,,Petite ville,43.122586,5.824979
Orange,Vaucluse,84087,"44.137304, 4.819594",87765107,Lundi,05:45-21:30,06:45-21:30,Petite ville,44.137304,4.819594
Orange,Vaucluse,84087,"44.137304, 4.819594",87765107,Mardi,05:45-21:30,06:45-21:30,Petite ville,44.137304,4.819594
Orange,Vaucluse,84087,"44.137304, 4.819594",87765107,Mercredi,05:45-21:30,06:45-21:30,Petite ville,44.137304,4.819594
Orange,Vaucluse,84087,"44.137304, 4.819594",87765107,Jeudi,05:45-21:30,06:45-21:30,Petite ville,44.137304,4.819594
Orange,Vaucluse,84087,"44.137304, 4.819594",87765107,Vendredi,05:45-21:30,06:45-21:30,Petite ville,44.137304,4.819594
Orange,Vaucluse,84087,"44.137304, 4.819594",87765107,Samedi,05:45-21:30,06:45-21:30,Petite ville,44.137304,4.819594
Orange,Vaucluse,84087,"44.137304, 4.819594",87765107,Dimanche,06:45-21:30,06:45-21:30,Petite ville,44.137304,4.819594
Pertuis,Vaucluse,84089,"43.6845547, 5.5037023",87751362,Lundi,10:15-15:15,Fermé,Petite ville,43.6845547,5.5037023
Pertuis,Vaucluse,84089,"43.6845547, 5.5037023",87751362,Mercredi,10:15-15:15,Fermé,Petite ville,43.6845547,5.5037023
Pertuis,Vaucluse,84089,"43.6845547, 5.5037023",87751362,Vendredi,10:15-15:15,Fermé,Petite ville,43.6845547,5.5037023
Port-de-Bouc,Bouches-du-Rhône,13077,"43.4071317, 4.9846006",87753459,Lundi,06:25-13:25,Fermé,Petite ville,43.4071317,4.9846006
Port-de-Bouc,Bouches-du-Rhône,13077,"43.4071317, 4.9846006",87753459,Mercredi,09:55-16:55,Fermé,Petite ville,43.4071317,4.9846006
Port-de-Bouc,Bouches-du-Rhône,13077,"43.4071317, 4.9846006",87753459,Samedi,09:55-16:55,Fermé,Petite ville,43.4071317,4.9846006
Rognac,Bouches-du-Rhône,13081,"43.4866, 5.230666",87753251,Lundi,06:15-13:15,Fermé,Petite ville,43.4866,5.230666
Rognac,Bouches-du-Rhône,13081,"43.4866, 5.230666",87753251,Mardi,13:25-16:05,Fermé,Petite ville,43.4866,5.230666
Rognac,Bouches-du-Rhône,13081,"43.4866, 5.230666",87753251,Mardi,07:35-11:35,Fermé,Petite ville,43.4866,5.230666
Rognac,Bouches-du-Rhône,13081,"43.4866, 5.230666",87753251,Mercredi,07:35-11:35,Fermé,Petite ville,43.4866,5.230666
Rognac,Bouches-du-Rhône,13081,"43.4866, 5.230666",87753251,Mercredi,13:25-16:05,Fermé,Petite ville,43.4866,5.230666
Rognac,Bouches-du-Rhône,13081,"43.4866, 5.230666",87753251,Jeudi,13:25-16:05,Fermé,Petite ville,43.4866,5.230666
Rognac,Bouches-du-Rhône,13081,"43.4866, 5.230666",87753251,Jeudi,07:35-11:35,Fermé,Petite ville,43.4866,5.230666
Rognac,Bouches-du-Rhône,13081,"43.4866, 5.230666",87753251,Vendredi,13:25-16:05,Fermé,Petite ville,43.4866,5.230666
Rognac,Bouches-du-Rhône,13081,"43.4866, 5.230666",87753251,Vendredi,07:35-11:35,Fermé,Petite ville,43.4866,5.230666
Saint-Cyr Les Lecques - La Cadière,Var,83112,"43.185509, 5.703858",87755215,Lundi,13:00-15:00,,Petite ville,43.185509,5.703858
Saint-Cyr Les Lecques - La Cadière,Var,83112,"43.185509, 5.703858",87755215,Lundi,07:00-12:00,,Petite ville,43.185509,5.703858
Saint-Cyr Les Lecques - La Cadière,Var,83112,"43.185509, 5.703858",87755215,Mercredi,07:00-12:00,,Petite ville,43.185509,5.703858
Saint-Cyr Les Lecques - La Cadière,Var,83112,"43.185509, 5.703858",87755215,Mercredi,13:00-15:00,,Petite ville,43.185509,5.703858
Saint-Cyr Les Lecques - La Cadière,Var,83112,"43.185509, 5.703858",87755215,Vendredi,07:00-12:00,,Petite ville,43.185509,5.703858
Saint-Cyr Les Lecques - La Cadière,Var,83112,"43.185509, 5.703858",87755215,Vendredi,13:00-15:00,,Petite ville,43.185509,5.703858
Saint-Cyr Les Lecques - La Cadière,Var,83112,"43.185509, 5.703858",87755215,Samedi,08:15-11:00,,Petite ville,43.185509,5.703858
Saint-Raphaël Valescure,Var,83118,"43.42356, 6.769083",87757526,Lundi,05:45-22:30,05:45-23:30,Petite ville,43.42356,6.769083
Saint-Raphaël Valescure,Var,83118,"43.42356, 6.769083",87757526,Mardi,05:45-22:30,05:45-23:30,Petite ville,43.42356,6.769083
Saint-Raphaël Valescure,Var,83118,"43.42356, 6.769083",87757526,Mercredi,05:45-22:30,05:45-23:30,Petite ville,43.42356,6.769083
Saint-Raphaël Valescure,Var,83118,"43.42356, 6.769083",87757526,Jeudi,05:45-22:30,05:45-23:30,Petite ville,43.42356,6.769083
Saint-Raphaël Valescure,Var,83118,"43.42356, 6.769083",87757526,Vendredi,05:45-23:30,05:45-23:30,Petite ville,43.42356,6.769083
Saint-Raphaël Valescure,Var,83118,"43.42356, 6.769083",87757526,Samedi,05:45-23:30,05:45-23:30,Petite ville,43.42356,6.769083
Saint-Raphaël Valescure,Var,83118,"43.42356, 6.769083",87757526,Dimanche,05:45-23:30,05:45-23:30,Petite ville,43.42356,6.769083
Salon-de-Provence,Bouches-du-Rhône,13103,"43.639061, 5.088569",87753764,Lundi,06:05-13:05,Fermé,Petite ville,43.639061,5.088569
Salon-de-Provence,Bouches-du-Rhône,13103,"43.639061, 5.088569",87753764,Mardi,13:00-17:50,Fermé,Petite ville,43.639061,5.088569
Salon-de-Provence,Bouches-du-Rhône,13103,"43.639061, 5.088569",87753764,Mardi,09:45-12:00,Fermé,Petite ville,43.639061,5.088569
Salon-de-Provence,Bouches-du-Rhône,13103,"43.639061, 5.088569",87753764,Mercredi,13:00-17:50,Fermé,Petite ville,43.639061,5.088569
Salon-de-Provence,Bouches-du-Rhône,13103,"43.639061, 5.088569",87753764,Mercredi,09:45-12:00,Fermé,Petite ville,43.639061,5.088569
Salon-de-Provence,Bouches-du-Rhône,13103,"43.639061, 5.088569",87753764,Jeudi,09:45-12:00,Fermé,Petite ville,43.639061,5.088569
Salon-de-Provence,Bouches-du-Rhône,13103,"43.639061, 5.088569",87753764,Jeudi,13:00-17:50,Fermé,Petite ville,43.639061,5.088569
Salon-de-Provence,Bouches-du-Rhône,13103,"43.639061, 5.088569",87753764,Vendredi,13:00-17:50,Fermé,Petite ville,43.639061,5.088569
Salon-de-Provence,Bouches-du-Rhône,13103,"43.639061, 5.088569",87753764,Vendredi,09:45-12:00,Fermé,Petite ville,43.639061,5.088569
Salon-de-Provence,Bouches-du-Rhône,13103,"43.639061, 5.088569",87753764,Samedi,13:00-17:50,Fermé,Petite ville,43.639061,5.088569
Salon-de-Provence,Bouches-du-Rhône,13103,"43.639061, 5.088569",87753764,Samedi,09:45-12:00,Fermé,Petite ville,43.639061,5.088569
Sausset-les-Pins,Bouches-du-Rhône,13104,"43.332864, 5.110001",87753558,Jeudi,09:55-16:55,Fermé,Petite ville,43.332864,5.110001
Sausset-les-Pins,Bouches-du-Rhône,13104,"43.332864, 5.110001",87753558,Vendredi,09:55-16:55,Fermé,Petite ville,43.332864,5.110001
Simiane-Collongue,Bouches-du-Rhône,13107,"43.434747, 5.426148",87751438,Lundi,05:30-22:30,07:00-22:00,Petite ville,43.434747,5.426148
Simiane-Collongue,Bouches-du-Rhône,13107,"43.434747, 5.426148",87751438,Mardi,05:30-22:30,07:00-22:00,Petite ville,43.434747,5.426148
Simiane-Collongue,Bouches-du-Rhône,13107,"43.434747, 5.426148",87751438,Mercredi,05:30-22:30,07:00-22:00,Petite ville,43.434747,5.426148
Simiane-Collongue,Bouches-du-Rhône,13107,"43.434747, 5.426148",87751438,Jeudi,05:30-22:30,07:00-22:00,Petite ville,43.434747,5.426148
Simiane-Collongue,Bouches-du-Rhône,13107,"43.434747, 5.426148",87751438,Vendredi,05:30-22:30,07:00-22:00,Petite ville,43.434747,5.426148
Simiane-Collongue,Bouches-du-Rhône,13107,"43.434747, 5.426148",87751438,Samedi,06:30-22:00,07:00-22:00,Petite ville,43.434747,5.426148
Simiane-Collongue,Bouches-du-Rhône,13107,"43.434747, 5.426148",87751438,Dimanche,07:00-22:00,07:00-22:00,Petite ville,43.434747,5.426148
Sisteron,Alpes-de-Haute-Provence,4209,"44.1902025, 5.9465888",87751206,Lundi,06:00-20:55,,Petite ville,44.1902025,5.9465888
Sisteron,Alpes-de-Haute-Provence,4209,"44.1902025, 5.9465888",87751206,Mardi,06:00-20:55,,Petite ville,44.1902025,5.9465888
Sisteron,Alpes-de-Haute-Provence,4209,"44.1902025, 5.9465888",87751206,Mercredi,06:00-20:55,,Petite ville,44.1902025,5.9465888
Sisteron,Alpes-de-Haute-Provence,4209,"44.1902025, 5.9465888",87751206,Jeudi,06:00-20:55,,Petite ville,44.1902025,5.9465888
Sisteron,Alpes-de-Haute-Provence,4209,"44.1902025, 5.9465888",87751206,Vendredi,06:00-20:55,,Petite ville,44.1902025,5.9465888
Sisteron,Alpes-de-Haute-Provence,4209,"44.1902025, 5.9465888",87751206,Samedi,06:00-20:55,,Petite ville,44.1902025,5.9465888
Sisteron,Alpes-de-Haute-Provence,4209,"44.1902025, 5.9465888",87751206,Dimanche,08:10-20:50,,Petite ville,44.1902025,5.9465888
Solliès-Pont,Var,83130,"43.1907805, 6.0464158",87755330,Mardi,06:15-13:25,,Petite ville,43.1907805,6.0464158
Solliès-Pont,Var,83130,"43.1907805, 6.0464158",87755330,Jeudi,06:15-13:25,,Petite ville,43.1907805,6.0464158
Tarascon,Bouches-du-Rhône,13108,"43.801331, 4.657206",87765354,Lundi,06:05-21:00,07:15-20:50,Petite ville,43.801331,4.657206
Tarascon,Bouches-du-Rhône,13108,"43.801331, 4.657206",87765354,Mardi,06:05-21:00,07:15-20:50,Petite ville,43.801331,4.657206
Tarascon,Bouches-du-Rhône,13108,"43.801331, 4.657206",87765354,Mercredi,06:05-21:00,07:15-20:50,Petite ville,43.801331,4.657206
Tarascon,Bouches-du-Rhône,13108,"43.801331, 4.657206",87765354,Jeudi,06:05-21:00,07:15-20:50,Petite ville,43.801331,4.657206
Tarascon,Bouches-du-Rhône,13108,"43.801331, 4.657206",87765354,Vendredi,06:05-21:00,07:15-20:50,Petite ville,43.801331,4.657206
Tarascon,Bouches-du-Rhône,13108,"43.801331, 4.657206",87765354,Samedi,07:15-20:50,07:15-20:50,Petite ville,43.801331,4.657206
Tarascon,Bouches-du-Rhône,13108,"43.801331, 4.657206",87765354,Dimanche,07:15-20:50,07:15-20:50,Petite ville,43.801331,4.657206
Toulon,Var,83137,"43.12837, 5.929293",87755009,Lundi,04:45-00:00,04:45-00:00,Grande ville,43.12837,5.929293
Toulon,Var,83137,"43.12837, 5.929293",87755009,Mardi,04:45-00:00,04:45-00:00,Grande ville,43.12837,5.929293
Toulon,Var,83137,"43.12837, 5.929293",87755009,Mercredi,04:45-00:00,04:45-00:00,Grande ville,43.12837,5.929293
Toulon,Var,83137,"43.12837, 5.929293",87755009,Jeudi,04:45-00:00,04:45-00:00,Grande ville,43.12837,5.929293
Toulon,Var,83137,"43.12837, 5.929293",87755009,Vendredi,04:45-00:00,04:45-00:00,Grande ville,43.12837,5.929293
Toulon,Var,83137,"43.12837, 5.929293",87755009,Samedi,04:45-00:00,04:45-00:00,Grande ville,43.12837,5.929293
Toulon,Var,83137,"43.12837, 5.929293",87755009,Dimanche,04:45-00:00,04:45-00:00,Grande ville,43.12837,5.929293
Veynes Dévoluy,Hautes-Alpes,5179,"44.5320046, 5.815764",87763300,Lundi,04:30-00:00,04:30-00:00,Petite ville,44.5320046,5.815764
Veynes Dévoluy,Hautes-Alpes,5179,"44.5320046, 5.815764",87763300,Mardi,04:30-00:00,04:30-00:00,Petite ville,44.5320046,5.815764
Veynes Dévoluy,Hautes-Alpes,5179,"44.5320046, 5.815764",87763300,Mercredi,04:30-00:00,04:30-00:00,Petite ville,44.5320046,5.815764
Veynes Dévoluy,Hautes-Alpes,5179,"44.5320046, 5.815764",87763300,Jeudi,04:30-00:00,04:30-00:00,Petite ville,44.5320046,5.815764
Veynes Dévoluy,Hautes-Alpes,5179,"44.5320046, 5.815764",87763300,Vendredi,04:30-00:00,04:30-00:00,Petite ville,44.5320046,5.815764
Veynes Dévoluy,Hautes-Alpes,5179,"44.5320046, 5.815764",87763300,Samedi,04:30-00:00,04:30-00:00,Petite ville,44.5320046,5.815764
Veynes Dévoluy,Hautes-Alpes,5179,"44.5320046, 5.815764",87763300,Dimanche,04:30-00:00,04:30-00:00,Petite ville,44.5320046,5.815764
Vitrolles Aéroport Marseille Provence,Bouches-du-Rhône,13117,"43.441734, 5.237122",87439554,Lundi,11:45-18:45,11:45-18:45,Grande ville,43.441734,5.237122
Vitrolles Aéroport Marseille Provence,Bouches-du-Rhône,13117,"43.441734, 5.237122",87439554,Mardi,11:45-18:45,11:45-18:45,Grande ville,43.441734,5.237122
Vitrolles Aéroport Marseille Provence,Bouches-du-Rhône,13117,"43.441734, 5.237122",87439554,Mercredi,11:45-18:45,11:45-18:45,Grande ville,43.441734,5.237122
Vitrolles Aéroport Marseille Provence,Bouches-du-Rhône,13117,"43.441734, 5.237122",87439554,Jeudi,11:45-18:45,11:45-18:45,Grande ville,43.441734,5.237122
Vitrolles Aéroport Marseille Provence,Bouches-du-Rhône,13117,"43.441734, 5.237122",87439554,Vendredi,11:45-18:45,11:45-18:45,Grande ville,43.441734,5.237122
Vitrolles Aéroport Marseille Provence,Bouches-du-Rhône,13117,"43.441734, 5.237122",87439554,Samedi,11:45-18:45,11:45-18:45,Grande ville,43.441734,5.237122
Vitrolles Aéroport Marseille Provence,Bouches-du-Rhône,13117,"43.441734, 5.237122",87439554,Dimanche,11:45-18:45,11:45-18:45,Grande ville,43.441734,5.237122
